{"1_0": {"template_img_matches": [[218.5836639404297, 267.8648986816406], [229.65638732910156, 246.294189453125], [115.91768646240234, 60.2691764831543], [375.1859436035156, 163.01776123046875], [122.5018081665039, 75.97320556640625], [393.7609558105469, 163.7529296875], [18.3342342376709, 132.33201599121094], [231.57330322265625, 251.1481170654297], [61.91719055175781, 132.3158416748047], [222.3983917236328, 263.7542724609375], [733.6219482421875, 178.06124877929688], [217.43441772460938, 235.15176391601562], [145.48452758789062, 102.26622772216797], [109.73773956298828, 56.36802291870117], [224.74681091308594, 248.94537353515625], [192.04689025878906, 253.6696014404297], [243.47850036621094, 261.2599182128906], [335.8526306152344, 107.07587432861328], [514.4331665039062, 466.9479064941406], [259.5551452636719, 133.16453552246094], [257.2964782714844, 274.5971984863281], [55.91549301147461, 78.37457275390625], [207.54811096191406, 274.000732421875], [265.5721740722656, 286.10357666015625], [55.91549301147461, 78.37457275390625], [514.4331665039062, 466.9479064941406], [103.63935852050781, 77.32049560546875], [718.7717895507812, 179.59085083007812], [663.7435913085938, 406.4735107421875], [64.59001922607422, 128.04238891601562], [205.17543029785156, 277.4910888671875]], "other_img_matches": [[327.86895751953125, 306.2383117675781], [348.794189453125, 285.8238220214844], [407.7335205078125, 55.61688232421875], [592.181640625, 204.01187133789062], [405.1639099121094, 72.3841781616211], [606.7448120117188, 207.2511749267578], [271.2722473144531, 119.5928955078125], [347.2294921875, 291.564453125], [311.27362060546875, 124.86490631103516], [330.9950256347656, 300.02801513671875], [988.2587890625, 285.0809326171875], [346.85601806640625, 271.894287109375], [407.87335205078125, 103.70909118652344], [404.7943420410156, 50.39520263671875], [343.2728576660156, 287.4833068847656], [312.0614929199219, 286.442626953125], [353.3693542480469, 304.1830749511719], [594.52734375, 133.38392639160156], [301.5498352050781, 436.3475341796875], [498.4898986816406, 152.08041381835938], [360.9979248046875, 319.38421630859375], [338.13250732421875, 67.86392974853516], [315.33416748046875, 309.8470458984375], [360.7424621582031, 334.65802001953125], [338.13250732421875, 67.86392974853516], [301.5498352050781, 436.3475341796875], [385.86505126953125, 72.66975402832031], [967.9375610351562, 284.5722351074219], [678.0827026367188, 588.761474609375], [315.6002502441406, 121.08855438232422], [312.1756896972656, 314.2157287597656]]}}